"No.","Time","Source","Destination","Protocol","Length","Info"
"1","0.000000","Shenzhen_38:79:2d","LiteonTe_0f:e7:05","ARP","42","Who has 192.168.11.187? Tell 192.168.11.1"
"2","0.000020","LiteonTe_0f:e7:05","Shenzhen_38:79:2d","ARP","42","192.168.11.187 is at 94:e9:79:0f:e7:05"
"3","4.840171","140.82.112.25","192.168.11.187","TLSv1.2","79","Application Data"
"4","4.840419","192.168.11.187","140.82.112.25","TLSv1.2","83","Application Data"
"5","5.086295","140.82.112.25","192.168.11.187","TCP","54","443  >  12448 [ACK] Seq=26 Ack=30 Win=76 Len=0"
"6","7.057988","192.168.11.126","224.0.0.251","MDNS","103","Standard query 0x001d PTR _233637DE._sub._googlecast._tcp.local, ""QM"" question PTR _googlecast._tcp.local, ""QM"" question"
"7","8.187041","192.168.11.135","192.168.11.187","TCP","58","6666  >  12509 [PSH, ACK] Seq=1 Ack=1 Win=66 Len=4"
"8","8.187421","192.168.11.187","192.168.11.135","TCP","59","12509  >  6666 [PSH, ACK] Seq=1 Ack=5 Win=513 Len=5"
"9","8.189657","192.168.11.135","192.168.11.187","TCP","54","6666  >  12509 [ACK] Seq=5 Ack=6 Win=66 Len=0"
"10","8.250033","192.168.11.187","192.168.11.135","TCP","254","12509  >  6666 [PSH, ACK] Seq=6 Ack=5 Win=513 Len=200"
"11","8.268193","192.168.11.135","192.168.11.187","TCP","54","6666  >  12509 [ACK] Seq=5 Ack=206 Win=67 Len=0"
"12","8.268245","192.168.11.187","192.168.11.135","TCP","862","12509  >  6666 [PSH, ACK] Seq=206 Ack=5 Win=513 Len=808"
"13","8.270729","192.168.11.135","192.168.11.187","TCP","54","6666  >  12509 [ACK] Seq=5 Ack=1014 Win=68 Len=0"
"14","9.640806","192.168.11.187","142.251.10.138","UDP","71","65010  >  443 Len=29"
"15","9.683667","142.251.10.138","192.168.11.187","UDP","67","443  >  65010 Len=25"
"16","12.734257","LiteonTe_0f:e7:05","7a:1a:ae:fd:5f:c5","ARP","42","Who has 192.168.11.135? Tell 192.168.11.187"
"17","12.821653","7a:1a:ae:fd:5f:c5","LiteonTe_0f:e7:05","ARP","42","192.168.11.135 is at 7a:1a:ae:fd:5f:c5"
"18","13.352171","7a:1a:ae:fd:5f:c5","LiteonTe_0f:e7:05","ARP","42","Who has 192.168.11.187? Tell 192.168.11.135"
"19","13.352192","LiteonTe_0f:e7:05","7a:1a:ae:fd:5f:c5","ARP","42","192.168.11.187 is at 94:e9:79:0f:e7:05"
"20","14.667470","192.168.11.187","192.168.11.1","DNS","83","Standard query 0xdf40 A ctldl.windowsupdate.com"
"21","14.677118","192.168.11.1","192.168.11.187","DNS","306","Standard query response 0xdf40 A ctldl.windowsupdate.com CNAME ctldl.windowsupdate.com.delivery.microsoft.com CNAME wu-b-net.trafficmanager.net CNAME download.windowsupdate.com.edgesuite.net CNAME a767.dspw65.akamai.net A 112.78.159.51 A 112.78.159.42"
"22","14.681676","192.168.11.187","112.78.159.51","TCP","66","12514  >  80 [SYN] Seq=0 Win=64240 Len=0 MSS=1460 WS=256 SACK_PERM=1"
"23","14.687117","112.78.159.51","192.168.11.187","TCP","66","80  >  12514 [SYN, ACK] Seq=0 Ack=1 Win=64240 Len=0 MSS=1412 SACK_PERM=1 WS=128"
"24","14.687227","192.168.11.187","112.78.159.51","TCP","54","12514  >  80 [ACK] Seq=1 Ack=1 Win=131072 Len=0"
"25","14.687566","192.168.11.187","112.78.159.51","HTTP","250","GET /msdownload/update/v3/static/trustedr/en/pinrulesstl.cab?491023379f1002fc HTTP/1.1 "
"26","14.693049","112.78.159.51","192.168.11.187","TCP","54","80  >  12514 [ACK] Seq=1 Ack=197 Win=64128 Len=0"
"27","14.695102","112.78.159.51","192.168.11.187","TCP","1466","80  >  12514 [ACK] Seq=1 Ack=197 Win=64128 Len=1412 [TCP segment of a reassembled PDU]"
"28","14.695102","112.78.159.51","192.168.11.187","TCP","1466","80  >  12514 [ACK] Seq=1413 Ack=197 Win=64128 Len=1412 [TCP segment of a reassembled PDU]"
"29","14.695183","192.168.11.187","112.78.159.51","TCP","54","12514  >  80 [ACK] Seq=197 Ack=2825 Win=131072 Len=0"
"30","14.699784","112.78.159.51","192.168.11.187","TCP","1466","80  >  12514 [ACK] Seq=2825 Ack=197 Win=64128 Len=1412 [TCP segment of a reassembled PDU]"
"31","14.699784","112.78.159.51","192.168.11.187","TCP","1466","80  >  12514 [ACK] Seq=4237 Ack=197 Win=64128 Len=1412 [TCP segment of a reassembled PDU]"
"32","14.699902","192.168.11.187","112.78.159.51","TCP","54","12514  >  80 [ACK] Seq=197 Ack=5649 Win=131072 Len=0"
"33","14.702123","112.78.159.51","192.168.11.187","TCP","1466","80  >  12514 [ACK] Seq=5649 Ack=197 Win=64128 Len=1412 [TCP segment of a reassembled PDU]"
"34","14.702123","112.78.159.51","192.168.11.187","HTTP","1143","HTTP/1.1 200 OK  (application/vnd.ms-cab-compressed)"
"35","14.702241","192.168.11.187","112.78.159.51","TCP","54","12514  >  80 [ACK] Seq=197 Ack=8150 Win=131072 Len=0"
"36","16.070879","192.168.11.126","224.0.0.251","MDNS","292","Standard query response 0x0000 PTR, cache flush Android-2.local PTR, cache flush Android-2.local A, cache flush 192.168.11.126 AAAA, cache flush fe80::b88b:51ff:fece:d753 NSEC, cache flush 126.11.168.192.in-addr.arpa NSEC, cache flush 3.5.7.D.E.C.E.F.F.F.1.5.B.8.8.B.0.0.0.0.0.0.0.0.0.0.0.0.0.8.E.F.ip6.arpa NSEC, cache flush Android-2.local"
"37","16.073968","fe80::b88b:51ff:fece:d753","ff02::fb","MDNS","312","Standard query response 0x0000 PTR, cache flush Android-2.local PTR, cache flush Android-2.local A, cache flush 192.168.11.126 AAAA, cache flush fe80::b88b:51ff:fece:d753 NSEC, cache flush 126.11.168.192.in-addr.arpa NSEC, cache flush 3.5.7.D.E.C.E.F.F.F.1.5.B.8.8.B.0.0.0.0.0.0.0.0.0.0.0.0.0.8.E.F.ip6.arpa NSEC, cache flush Android-2.local"
"38","17.725190","192.168.11.187","112.78.159.51","TCP","66","12515  >  80 [SYN] Seq=0 Win=64240 Len=0 MSS=1460 WS=256 SACK_PERM=1"
"39","17.730712","112.78.159.51","192.168.11.187","TCP","66","80  >  12515 [SYN, ACK] Seq=0 Ack=1 Win=64240 Len=0 MSS=1412 SACK_PERM=1 WS=128"
"40","17.730844","192.168.11.187","112.78.159.51","TCP","54","12515  >  80 [ACK] Seq=1 Ack=1 Win=131072 Len=0"
"41","17.730987","192.168.11.187","112.78.159.51","HTTP","340","GET /msdownload/update/v3/static/trustedr/en/disallowedcertstl.cab?523b6bb5350927ad HTTP/1.1 "
"42","17.736233","112.78.159.51","192.168.11.187","TCP","54","80  >  12515 [ACK] Seq=1 Ack=287 Win=64128 Len=0"
"43","17.737180","112.78.159.51","192.168.11.187","HTTP","320","HTTP/1.1 304 Not Modified "
"44","17.748557","192.168.11.187","152.195.38.76","TCP","66","12516  >  80 [SYN] Seq=0 Win=64240 Len=0 MSS=1460 WS=256 SACK_PERM=1"
"45","17.768279","152.195.38.76","192.168.11.187","TCP","66","80  >  12516 [SYN, ACK] Seq=0 Ack=1 Win=65535 Len=0 MSS=1412 SACK_PERM=1 WS=512"
"46","17.768366","192.168.11.187","152.195.38.76","TCP","54","12516  >  80 [ACK] Seq=1 Ack=1 Win=131072 Len=0"
"47","17.768532","192.168.11.187","152.195.38.76","HTTP","308","GET /DigiCertGlobalRootG2.crl HTTP/1.1 "
"48","17.785137","192.168.11.187","112.78.159.51","TCP","54","12515  >  80 [ACK] Seq=287 Ack=267 Win=130816 Len=0"
"49","17.790037","152.195.38.76","192.168.11.187","TCP","54","80  >  12516 [ACK] Seq=1 Ack=255 Win=67072 Len=0"
"50","17.792155","152.195.38.76","192.168.11.187","HTTP","338","HTTP/1.1 304 Not Modified "
"51","17.806182","192.168.11.187","112.78.159.51","HTTP","250","GET /msdownload/update/v3/static/trustedr/en/pinrulesstl.cab?5b5424ecf5d4af60 HTTP/1.1 "
"52","17.812715","112.78.159.51","192.168.11.187","TCP","54","80  >  12515 [ACK] Seq=267 Ack=483 Win=64128 Len=0"
"53","17.815315","112.78.159.51","192.168.11.187","TCP","1466","80  >  12515 [ACK] Seq=267 Ack=483 Win=64128 Len=1412 [TCP segment of a reassembled PDU]"
"54","17.816584","112.78.159.51","192.168.11.187","TCP","1466","80  >  12515 [ACK] Seq=1679 Ack=483 Win=64128 Len=1412 [TCP segment of a reassembled PDU]"
"55","17.816584","112.78.159.51","192.168.11.187","TCP","1466","80  >  12515 [ACK] Seq=3091 Ack=483 Win=64128 Len=1412 [TCP segment of a reassembled PDU]"
"56","17.816584","112.78.159.51","192.168.11.187","TCP","1466","80  >  12515 [ACK] Seq=4503 Ack=483 Win=64128 Len=1412 [TCP segment of a reassembled PDU]"
"57","17.816697","192.168.11.187","112.78.159.51","TCP","54","12515  >  80 [ACK] Seq=483 Ack=5915 Win=131072 Len=0"
"58","17.819613","112.78.159.51","192.168.11.187","TCP","1466","80  >  12515 [ACK] Seq=5915 Ack=483 Win=64128 Len=1412 [TCP segment of a reassembled PDU]"
"59","17.819613","112.78.159.51","192.168.11.187","HTTP","1143","HTTP/1.1 200 OK  (application/vnd.ms-cab-compressed)"
"60","17.819764","192.168.11.187","112.78.159.51","TCP","54","12515  >  80 [ACK] Seq=483 Ack=8416 Win=131072 Len=0"
"61","17.847639","192.168.11.187","152.195.38.76","TCP","54","12516  >  80 [ACK] Seq=255 Ack=285 Win=130816 Len=0"
"62","19.626901","192.168.11.187","192.168.11.1","DNS","78","Standard query 0xed55 A wdcp.microsoft.com"
"63","19.644631","192.168.11.187","192.168.11.1","DNS","78","Standard query 0xed55 A wdcp.microsoft.com"
"64","19.652622","192.168.11.1","192.168.11.187","DNS","209","Standard query response 0xed55 A wdcp.microsoft.com CNAME wd-prod-cp.trafficmanager.net CNAME wd-prod-cp-as-southeast-1-fe.southeastasia.cloudapp.azure.com A 20.205.253.130"
"65","19.681652","192.168.11.187","20.205.253.130","TCP","66","12517  >  443 [SYN] Seq=0 Win=64240 Len=0 MSS=1460 WS=256 SACK_PERM=1"
"66","19.703291","20.205.253.130","192.168.11.187","TCP","66","443  >  12517 [SYN, ACK] Seq=0 Ack=1 Win=65535 Len=0 MSS=1412 WS=256 SACK_PERM=1"
"67","19.703385","192.168.11.187","20.205.253.130","TCP","54","12517  >  443 [ACK] Seq=1 Ack=1 Win=131072 Len=0"
"68","19.738729","192.168.11.187","20.205.253.130","TLSv1.2","257","Client Hello"
"69","19.754813","192.168.11.187","52.113.194.132","TCP","66","12518  >  443 [SYN] Seq=0 Win=65535 Len=0 MSS=1460 WS=256 SACK_PERM=1"
"70","19.760896","20.205.253.130","192.168.11.187","TCP","1466","443  >  12517 [ACK] Seq=1 Ack=204 Win=4194816 Len=1412 [TCP segment of a reassembled PDU]"
"71","19.760896","20.205.253.130","192.168.11.187","TCP","1466","443  >  12517 [ACK] Seq=1413 Ack=204 Win=4194816 Len=1412 [TCP segment of a reassembled PDU]"
"72","19.760954","192.168.11.187","20.205.253.130","TCP","54","12517  >  443 [ACK] Seq=204 Ack=2825 Win=131072 Len=0"
"73","19.762104","20.205.253.130","192.168.11.187","TLSv1.2","1097","Server Hello, Certificate, Server Key Exchange, Server Hello Done"
"74","19.766918","192.168.11.187","20.205.253.130","TLSv1.2","212","Client Key Exchange, Change Cipher Spec, Encrypted Handshake Message"
"75","19.773699","52.113.194.132","192.168.11.187","TCP","66","443  >  12518 [SYN, ACK] Seq=0 Ack=1 Win=65535 Len=0 MSS=1412 WS=256 SACK_PERM=1"
"76","19.773787","192.168.11.187","52.113.194.132","TCP","54","12518  >  443 [ACK] Seq=1 Ack=1 Win=262144 Len=0"
"77","19.774086","192.168.11.187","52.113.194.132","TLSv1.2","543","Client Hello"
"78","19.789814","20.205.253.130","192.168.11.187","TLSv1.2","105","Change Cipher Spec, Encrypted Handshake Message"
"79","19.801078","52.113.194.132","192.168.11.187","TCP","54","443  >  12518 [ACK] Seq=1 Ack=490 Win=4194560 Len=0"
"80","19.802513","52.113.194.132","192.168.11.187","TCP","1466","443  >  12518 [ACK] Seq=1 Ack=490 Win=4194560 Len=1412 [TCP segment of a reassembled PDU]"
"81","19.802513","52.113.194.132","192.168.11.187","TCP","1466","443  >  12518 [ACK] Seq=1413 Ack=490 Win=4194560 Len=1412 [TCP segment of a reassembled PDU]"
"82","19.802513","52.113.194.132","192.168.11.187","TCP","1466","443  >  12518 [ACK] Seq=2825 Ack=490 Win=4194560 Len=1412 [TCP segment of a reassembled PDU]"
"83","19.802580","192.168.11.187","52.113.194.132","TCP","54","12518  >  443 [ACK] Seq=490 Ack=4237 Win=262144 Len=0"
"84","19.802733","52.113.194.132","192.168.11.187","TCP","1466","443  >  12518 [ACK] Seq=4237 Ack=490 Win=4194560 Len=1412 [TCP segment of a reassembled PDU]"
"85","19.802733","52.113.194.132","192.168.11.187","TLSv1.2","369","Server Hello, Certificate, Certificate Status, Server Key Exchange, Server Hello Done"
"86","19.802760","192.168.11.187","52.113.194.132","TCP","54","12518  >  443 [ACK] Seq=490 Ack=5964 Win=262144 Len=0"
"87","19.807181","192.168.11.187","52.113.194.132","TLSv1.2","212","Client Key Exchange, Change Cipher Spec, Encrypted Handshake Message"
"88","19.825591","52.113.194.132","192.168.11.187","TCP","54","443  >  12518 [ACK] Seq=5964 Ack=648 Win=4194304 Len=0"
"89","19.826992","52.113.194.132","192.168.11.187","TLSv1.2","396","New Session Ticket, Change Cipher Spec, Encrypted Handshake Message"
"90","19.827053","192.168.11.187","52.113.194.132","TCP","54","12518  >  443 [ACK] Seq=648 Ack=6306 Win=261632 Len=0"
"91","19.827866","192.168.11.187","52.113.194.132","TLSv1.2","624","Application Data"
"92","19.831968","192.168.11.187","20.205.253.130","TCP","54","12517  >  443 [ACK] Seq=362 Ack=3919 Win=130048 Len=0"
"93","19.845767","52.113.194.132","192.168.11.187","TCP","54","443  >  12518 [ACK] Seq=6306 Ack=1218 Win=4193792 Len=0"
"94","19.848634","192.168.11.187","112.78.159.51","TCP","66","12519  >  80 [SYN] Seq=0 Win=64240 Len=0 MSS=1460 WS=256 SACK_PERM=1"
"95","19.857179","112.78.159.51","192.168.11.187","TCP","66","80  >  12519 [SYN, ACK] Seq=0 Ack=1 Win=64240 Len=0 MSS=1412 SACK_PERM=1 WS=128"
"96","19.857285","192.168.11.187","112.78.159.51","TCP","54","12519  >  80 [ACK] Seq=1 Ack=1 Win=131072 Len=0"
"97","19.857414","192.168.11.187","112.78.159.51","HTTP","299","GET /msdownload/update/v3/static/trustedr/en/disallowedcertstl.cab?4358592d380cfabb HTTP/1.1 "
"98","19.863306","112.78.159.51","192.168.11.187","TCP","54","80  >  12519 [ACK] Seq=1 Ack=246 Win=64128 Len=0"
"99","19.864156","112.78.159.51","192.168.11.187","TCP","888","[TCP Previous segment not captured] 80  >  12519 [PSH, ACK] Seq=4237 Ack=246 Win=64128 Len=834 [TCP segment of a reassembled PDU]"
"100","19.864233","192.168.11.187","112.78.159.51","TCP","66","[TCP Dup ACK 96#1] 12519  >  80 [ACK] Seq=246 Ack=1 Win=131072 Len=0 SLE=4237 SRE=5071"
"101","19.868761","112.78.159.51","192.168.11.187","TCP","1466","[TCP Out-Of-Order] 80  >  12519 [ACK] Seq=1413 Ack=246 Win=64128 Len=1412 [TCP segment of a reassembled PDU]"
"102","19.868854","192.168.11.187","112.78.159.51","TCP","74","[TCP Dup ACK 96#2] 12519  >  80 [ACK] Seq=246 Ack=1 Win=131072 Len=0 SLE=1413 SRE=2825 SLE=4237 SRE=5071"
"103","19.869036","112.78.159.51","192.168.11.187","TCP","1466","[TCP Fast Retransmission] 80  >  12519 [ACK] Seq=1 Ack=246 Win=64128 Len=1412 [TCP segment of a reassembled PDU]"
"104","19.869036","112.78.159.51","192.168.11.187","TCP","1466","[TCP Out-Of-Order] 80  >  12519 [ACK] Seq=2825 Ack=246 Win=64128 Len=1412 [TCP segment of a reassembled PDU]"
"105","19.869089","192.168.11.187","112.78.159.51","TCP","66","12519  >  80 [ACK] Seq=246 Ack=2825 Win=131072 Len=0 SLE=4237 SRE=5071"
"106","19.869160","192.168.11.187","112.78.159.51","TCP","54","12519  >  80 [ACK] Seq=246 Ack=5071 Win=131072 Len=0"
"107","19.896674","192.168.11.187","20.205.253.130","TCP","54","12517  >  443 [FIN, ACK] Seq=362 Ack=3919 Win=130048 Len=0"
"108","19.908561","192.168.11.187","192.168.11.1","DNS","81","Standard query 0xe195 A wdcpalt.microsoft.com"
"109","19.915621","20.205.253.130","192.168.11.187","TCP","54","443  >  12517 [ACK] Seq=3919 Ack=363 Win=4194560 Len=0"
"110","19.915621","20.205.253.130","192.168.11.187","TCP","54","443  >  12517 [FIN, ACK] Seq=3919 Ack=363 Win=4194560 Len=0"
"111","19.915672","192.168.11.187","20.205.253.130","TCP","54","12517  >  443 [ACK] Seq=363 Ack=3920 Win=130048 Len=0"
"112","19.922999","192.168.11.1","192.168.11.187","DNS","215","Standard query response 0xe195 A wdcpalt.microsoft.com CNAME wd-prod-cp.trafficmanager.net CNAME wd-prod-cp-as-southeast-4-fe.southeastasia.cloudapp.azure.com A 20.247.160.101"
"113","19.923886","192.168.11.187","20.247.160.101","TCP","66","12520  >  443 [SYN] Seq=0 Win=64240 Len=0 MSS=1460 WS=256 SACK_PERM=1"
"114","19.943329","20.247.160.101","192.168.11.187","TCP","66","443  >  12520 [SYN, ACK] Seq=0 Ack=1 Win=65535 Len=0 MSS=1412 WS=256 SACK_PERM=1"
"115","19.943417","192.168.11.187","20.247.160.101","TCP","54","12520  >  443 [ACK] Seq=1 Ack=1 Win=131072 Len=0"
"116","19.943999","192.168.11.187","20.247.160.101","TLSv1.2","260","Client Hello"
"117","19.966574","20.247.160.101","192.168.11.187","TCP","1466","443  >  12520 [ACK] Seq=1 Ack=207 Win=4194816 Len=1412 [TCP segment of a reassembled PDU]"
"118","19.966574","20.247.160.101","192.168.11.187","TCP","1466","443  >  12520 [ACK] Seq=1413 Ack=207 Win=4194816 Len=1412 [TCP segment of a reassembled PDU]"
"119","19.966574","20.247.160.101","192.168.11.187","TLSv1.2","1097","Server Hello, Certificate, Server Key Exchange, Server Hello Done"
"120","19.966648","192.168.11.187","20.247.160.101","TCP","54","12520  >  443 [ACK] Seq=207 Ack=3868 Win=131072 Len=0"
"121","19.970518","192.168.11.187","20.247.160.101","TLSv1.2","212","Client Key Exchange, Change Cipher Spec, Encrypted Handshake Message"
"122","19.990710","20.247.160.101","192.168.11.187","TLSv1.2","105","Change Cipher Spec, Encrypted Handshake Message"
"123","19.991180","192.168.11.187","142.251.10.138","UDP","484","65010  >  443 Len=442"
"124","19.991467","192.168.11.187","20.247.160.101","TCP","54","12520  >  443 [FIN, ACK] Seq=365 Ack=3919 Win=131072 Len=0"
"125","20.010751","52.113.194.132","192.168.11.187","TLSv1.2","916","Application Data"
"126","20.010814","192.168.11.187","52.113.194.132","TCP","54","12518  >  443 [ACK] Seq=1218 Ack=7168 Win=260864 Len=0"
"127","20.014108","20.247.160.101","192.168.11.187","TCP","54","443  >  12520 [ACK] Seq=3919 Ack=366 Win=4194560 Len=0"
"128","20.015118","20.247.160.101","192.168.11.187","TCP","54","443  >  12520 [FIN, ACK] Seq=3919 Ack=366 Win=4194560 Len=0"
"129","20.015163","192.168.11.187","20.247.160.101","TCP","54","12520  >  443 [ACK] Seq=366 Ack=3920 Win=131072 Len=0"
"130","20.036467","142.251.10.138","192.168.11.187","UDP","71","443  >  65010 Len=29"
"131","20.050751","192.168.11.187","142.251.10.138","UDP","75","65010  >  443 Len=33"
"132","20.280132","142.251.10.138","192.168.11.187","UDP","569","443  >  65010 Len=527"
"133","20.280132","142.251.10.138","192.168.11.187","UDP","64","443  >  65010 Len=22"
"134","20.285205","192.168.11.187","142.251.10.138","UDP","79","65010  >  443 Len=37"
"135","20.286917","192.168.11.187","142.251.10.138","UDP","477","65010  >  443 Len=435"
"136","20.308144","142.251.10.138","192.168.11.187","UDP","71","443  >  65010 Len=29"
"137","20.316430","192.168.11.187","142.251.10.138","UDP","75","65010  >  443 Len=33"
"138","20.341297","142.251.10.138","192.168.11.187","UDP","540","443  >  65010 Len=498"
"139","20.341297","142.251.10.138","192.168.11.187","UDP","64","443  >  65010 Len=22"
"140","20.347730","192.168.11.187","142.251.10.138","UDP","79","65010  >  443 Len=37"
"141","20.369923","142.251.10.138","192.168.11.187","UDP","67","443  >  65010 Len=25"
"142","22.419023","192.168.11.126","239.255.255.250","SSDP","167","M-SEARCH * HTTP/1.1 "
"143","23.994537","192.168.11.187","74.125.200.139","QUIC","1292","Initial, DCID=f9b5120df4c461d5, PKN: 1, CRYPTO"
"144","23.994669","192.168.11.187","74.125.200.139","QUIC","1292","Initial, DCID=f9b5120df4c461d5, PKN: 2, CRYPTO"
"145","23.994736","192.168.11.187","74.125.200.139","QUIC","1292","Initial, DCID=f9b5120df4c461d5, PKN: 3, PADDING, PING, CRYPTO, PING, PING, PADDING"
"146","23.995152","192.168.11.187","74.125.200.139","QUIC","124","0-RTT, DCID=f9b5120df4c461d5"
"147","23.995771","192.168.11.187","74.125.200.139","QUIC","1288","0-RTT, DCID=f9b5120df4c461d5"
"148","23.995837","192.168.11.187","74.125.200.139","QUIC","1292","0-RTT, DCID=f9b5120df4c461d5"
"149","23.995926","192.168.11.187","74.125.200.139","QUIC","523","0-RTT, DCID=f9b5120df4c461d5"
"150","23.995979","192.168.11.187","74.125.200.139","QUIC","124","0-RTT, DCID=f9b5120df4c461d5"
"151","24.046274","74.125.200.139","192.168.11.187","QUIC","82","Initial, SCID=f9b5120df4c461d5, PKN: 1, ACK"
"152","24.046274","74.125.200.139","192.168.11.187","QUIC","82","Initial, SCID=f9b5120df4c461d5, PKN: 2, ACK"
"153","24.046274","74.125.200.139","192.168.11.187","QUIC","1292","Initial, SCID=f9b5120df4c461d5, PKN: 3, ACK, PADDING"
"154","24.046274","74.125.200.139","192.168.11.187","QUIC","1292","Initial, SCID=f9b5120df4c461d5, PKN: 4, ACK, PADDING"
"155","24.046274","74.125.200.139","192.168.11.187","QUIC","1292","Initial, SCID=f9b5120df4c461d5, PKN: 5, CRYPTO, PADDING"
"156","24.050886","192.168.11.187","74.125.200.139","QUIC","1292","Initial, DCID=f9b5120df4c461d5, PKN: 9, ACK, PADDING"
"157","24.056559","74.125.200.139","192.168.11.187","QUIC","351","Protected Payload (KP0)"
"158","24.056559","74.125.200.139","192.168.11.187","QUIC","983","Protected Payload (KP0)"
"159","24.056559","74.125.200.139","192.168.11.187","QUIC","65","Protected Payload (KP0)"
"160","24.057059","192.168.11.187","74.125.200.139","QUIC","120","Handshake, DCID=f9b5120df4c461d5"
"161","24.057218","192.168.11.187","74.125.200.139","QUIC","73","Protected Payload (KP0), DCID=f9b5120df4c461d5"
"162","24.058074","74.125.200.139","192.168.11.187","QUIC","65","Protected Payload (KP0)"
"163","24.079513","74.125.200.139","192.168.11.187","QUIC","162","Protected Payload (KP0)"
"164","24.079817","192.168.11.187","74.125.200.139","QUIC","77","Protected Payload (KP0), DCID=f9b5120df4c461d5"
"165","24.100062","74.125.200.139","192.168.11.187","QUIC","1292","Protected Payload (KP0)"
"166","24.100418","192.168.11.187","74.125.200.139","QUIC","77","Protected Payload (KP0), DCID=f9b5120df4c461d5"
"167","24.100551","192.168.11.187","74.125.200.139","QUIC","116","Protected Payload (KP0), DCID=f9b5120df4c461d5"
"168","24.121247","74.125.200.139","192.168.11.187","QUIC","64","Protected Payload (KP0)"
"169","24.121247","74.125.200.139","192.168.11.187","QUIC","69","Protected Payload (KP0)"
"170","24.121619","192.168.11.187","74.125.200.139","QUIC","77","Protected Payload (KP0), DCID=f9b5120df4c461d5"
"171","24.320055","74.125.200.139","192.168.11.187","QUIC","176","Protected Payload (KP0)"
"172","24.320055","74.125.200.139","192.168.11.187","QUIC","1292","Protected Payload (KP0)"
"173","24.320351","192.168.11.187","74.125.200.139","QUIC","75","Protected Payload (KP0), DCID=f9b5120df4c461d5"
"174","24.320727","192.168.11.187","74.125.200.139","QUIC","77","Protected Payload (KP0), DCID=f9b5120df4c461d5"
"175","24.326519","74.125.200.139","192.168.11.187","QUIC","303","Protected Payload (KP0)"
"176","24.330192","192.168.11.187","142.251.10.138","UDP","757","65010  >  443 Len=715"
"177","24.362976","142.251.10.138","192.168.11.187","UDP","71","443  >  65010 Len=29"
"178","24.363338","192.168.11.187","74.125.200.139","QUIC","74","Protected Payload (KP0), DCID=f9b5120df4c461d5"
"179","24.370786","74.125.200.139","192.168.11.187","QUIC","66","Protected Payload (KP0)"
"180","24.371120","192.168.11.187","142.251.10.138","UDP","75","65010  >  443 Len=33"
"181","24.609142","142.251.10.138","192.168.11.187","UDP","554","443  >  65010 Len=512"
"182","24.609142","142.251.10.138","192.168.11.187","UDP","64","443  >  65010 Len=22"
"183","24.628888","192.168.11.187","142.251.10.138","UDP","79","65010  >  443 Len=37"
"184","24.659056","142.251.10.138","192.168.11.187","UDP","67","443  >  65010 Len=25"
"185","26.613257","192.168.11.187","142.251.175.188","TCP","55","11984  >  5228 [ACK] Seq=1 Ack=1 Win=510 Len=1"
"186","26.633172","142.251.175.188","192.168.11.187","TCP","66","5228  >  11984 [ACK] Seq=1 Ack=2 Win=290 Len=0 SLE=1 SRE=2"
"187","26.924297","192.168.11.126","224.0.0.251","MDNS","103","Standard query 0x001e PTR _233637DE._sub._googlecast._tcp.local, ""QM"" question PTR _googlecast._tcp.local, ""QM"" question"
"188","30.269466","192.168.11.187","34.144.254.29","TCP","55","12151  >  443 [ACK] Seq=1 Ack=1 Win=511 Len=1 [TCP segment of a reassembled PDU]"
"189","30.295195","34.144.254.29","192.168.11.187","TCP","66","443  >  12151 [ACK] Seq=1 Ack=2 Win=455 Len=0 SLE=1 SRE=2"
"190","37.309347","192.168.11.135","192.168.11.187","TCP","58","6666  >  12509 [PSH, ACK] Seq=5 Ack=1014 Win=68 Len=4"
"191","37.347674","192.168.11.187","192.168.11.135","TCP","255","12509  >  6666 [PSH, ACK] Seq=1014 Ack=9 Win=513 Len=201"
"192","37.350003","192.168.11.135","192.168.11.187","TCP","54","6666  >  12509 [ACK] Seq=9 Ack=1215 Win=70 Len=0"
"193","37.350053","192.168.11.187","192.168.11.135","TCP","866","12509  >  6666 [PSH, ACK] Seq=1215 Ack=9 Win=513 Len=812"
"194","37.352712","192.168.11.135","192.168.11.187","TCP","54","6666  >  12509 [ACK] Seq=9 Ack=2027 Win=71 Len=0"
"195","39.332294","192.168.11.187","142.251.10.138","UDP","71","65010  >  443 Len=29"
"196","39.354472","142.251.10.138","192.168.11.187","UDP","67","443  >  65010 Len=25"
"197","39.519661","192.168.11.187","34.144.254.29","TCP","55","12003  >  443 [ACK] Seq=1 Ack=1 Win=510 Len=1 [TCP segment of a reassembled PDU]"
"198","39.525663","34.144.254.29","192.168.11.187","TCP","66","443  >  12003 [ACK] Seq=1 Ack=2 Win=301 Len=0 SLE=1 SRE=2"
"199","42.532089","7a:1a:ae:fd:5f:c5","LiteonTe_0f:e7:05","ARP","42","Who has 192.168.11.187? Tell 192.168.11.135"
"200","42.532110","LiteonTe_0f:e7:05","7a:1a:ae:fd:5f:c5","ARP","42","192.168.11.187 is at 94:e9:79:0f:e7:05"
"201","43.709850","192.168.11.187","142.251.12.106","QUIC","1292","Initial, DCID=d767961771ff5be1, PKN: 1, CRYPTO"
"202","43.710012","192.168.11.187","142.251.12.106","QUIC","1292","Initial, DCID=d767961771ff5be1, PKN: 2, PADDING, CRYPTO, PING, PING, CRYPTO, CRYPTO, CRYPTO, CRYPTO, PING, CRYPTO, CRYPTO"
"203","43.710350","192.168.11.187","142.251.12.106","QUIC","118","0-RTT, DCID=d767961771ff5be1"
"204","43.730614","142.251.12.106","192.168.11.187","QUIC","82","Initial, SCID=f767961771ff5be1, PKN: 1, ACK"
"205","43.731987","142.251.12.106","192.168.11.187","QUIC","1292","Initial, SCID=f767961771ff5be1, PKN: 2, ACK, PADDING"
"206","43.731987","142.251.12.106","192.168.11.187","QUIC","1292","Initial, SCID=f767961771ff5be1, PKN: 3, CRYPTO, PADDING"
"207","43.733286","142.251.12.106","192.168.11.187","QUIC","353","Protected Payload (KP0)"
"208","43.733790","192.168.11.187","142.251.12.106","QUIC","1292","Handshake, DCID=f767961771ff5be1"
"209","43.734556","142.251.12.106","192.168.11.187","QUIC","981","Protected Payload (KP0)"
"210","43.734726","142.251.12.106","192.168.11.187","QUIC","68","Protected Payload (KP0)"
"211","43.734965","192.168.11.187","142.251.12.106","QUIC","73","Protected Payload (KP0), DCID=f767961771ff5be1"
"212","43.768593","142.251.12.106","192.168.11.187","QUIC","168","Protected Payload (KP0)"
"213","43.768902","192.168.11.187","142.251.12.106","QUIC","73","Protected Payload (KP0), DCID=f767961771ff5be1"
"214","45.991081","192.168.11.187","142.251.10.138","UDP","486","65010  >  443 Len=444"
"215","46.014115","142.251.10.138","192.168.11.187","UDP","71","443  >  65010 Len=29"
"216","46.019843","192.168.11.187","142.251.10.138","UDP","75","65010  >  443 Len=33"
"217","46.283697","142.251.10.138","192.168.11.187","UDP","566","443  >  65010 Len=524"
"218","46.283697","142.251.10.138","192.168.11.187","UDP","64","443  >  65010 Len=22"
"219","46.289889","192.168.11.187","162.159.61.3","QUIC","1292","Initial, DCID=cee86dd1687b671a, PKN: 1, CRYPTO"
"220","46.290090","192.168.11.187","162.159.61.3","QUIC","1292","Initial, DCID=cee86dd1687b671a, PKN: 2, PADDING, CRYPTO, CRYPTO, CRYPTO, PADDING, CRYPTO, PADDING, CRYPTO, CRYPTO"
"221","46.290532","192.168.11.187","162.159.61.3","QUIC","124","0-RTT, DCID=cee86dd1687b671a"
"222","46.291426","192.168.11.187","142.251.10.138","UDP","79","65010  >  443 Len=37"
"223","46.292570","192.168.11.187","162.159.61.3","QUIC","302","0-RTT, DCID=cee86dd1687b671a"
"224","46.292872","192.168.11.187","162.159.61.3","QUIC","302","0-RTT, DCID=cee86dd1687b671a"
"225","46.293578","192.168.11.187","162.159.61.3","QUIC","303","0-RTT, DCID=cee86dd1687b671a"
"226","46.293828","192.168.11.187","162.159.61.3","QUIC","303","0-RTT, DCID=cee86dd1687b671a"
"227","46.294073","192.168.11.187","142.251.10.138","UDP","476","65010  >  443 Len=434"
"228","46.300439","162.159.61.3","192.168.11.187","QUIC","1242","Protected Payload (KP0)"
"229","46.303155","162.159.61.3","192.168.11.187","QUIC","1242","Initial, SCID=01be3152014b3b6848beeb52244b3f77743d927e, PKN: 1, ACK, CRYPTO"
"230","46.304272","162.159.61.3","192.168.11.187","QUIC","1242","Protected Payload (KP0)"
"231","46.304272","162.159.61.3","192.168.11.187","QUIC","66","Protected Payload (KP0)"
"232","46.304272","162.159.61.3","192.168.11.187","QUIC","66","Protected Payload (KP0)"
"233","46.305140","192.168.11.187","162.159.61.3","QUIC","1292","Handshake, DCID=01be3152014b3b6848beeb52244b3f77743d927e"
"234","46.305283","192.168.11.187","162.159.61.3","QUIC","85","Protected Payload (KP0), DCID=01be3152014b3b6848beeb52244b3f77743d927e"
"235","46.306212","162.159.61.3","192.168.11.187","QUIC","91","Protected Payload (KP0)"
"236","46.306212","162.159.61.3","192.168.11.187","QUIC","65","Protected Payload (KP0)"
"237","46.306536","192.168.11.187","162.159.61.3","QUIC","89","Protected Payload (KP0), DCID=01be3152014b3b6848beeb52244b3f77743d927e"
"238","46.307394","162.159.61.3","192.168.11.187","QUIC","631","Protected Payload (KP0)"
"239","46.307394","162.159.61.3","192.168.11.187","QUIC","662","Protected Payload (KP0)"
"240","46.307860","192.168.11.187","162.159.61.3","QUIC","85","Protected Payload (KP0), DCID=01be3152014b3b6848beeb52244b3f77743d927e"
"241","46.308068","162.159.61.3","192.168.11.187","QUIC","626","Protected Payload (KP0)"
"242","46.308877","162.159.61.3","192.168.11.187","QUIC","626","Protected Payload (KP0)"
"243","46.309357","192.168.11.187","162.159.61.3","QUIC","85","Protected Payload (KP0), DCID=01be3152014b3b6848beeb52244b3f77743d927e"
"244","46.310225","192.168.11.187","108.177.122.94","QUIC","1292","Initial, DCID=125a02d09716c43b, PKN: 1, CRYPTO"
"245","46.310317","192.168.11.187","108.177.122.94","QUIC","1292","Initial, DCID=125a02d09716c43b, PKN: 2, PING, CRYPTO, CRYPTO, CRYPTO, PADDING, CRYPTO"
"246","46.312241","192.168.11.187","108.177.122.94","QUIC","1292","Initial, DCID=00ab0caf2a2a7e2d, PKN: 1, CRYPTO"
"247","46.312352","192.168.11.187","108.177.122.94","QUIC","1292","Initial, DCID=00ab0caf2a2a7e2d, PKN: 2, CRYPTO, CRYPTO, CRYPTO, PADDING, PING, CRYPTO, CRYPTO, CRYPTO"
"248","46.312764","192.168.11.187","108.177.122.94","QUIC","117","0-RTT, DCID=125a02d09716c43b"
"249","46.312968","192.168.11.187","108.177.122.94","QUIC","122","0-RTT, DCID=00ab0caf2a2a7e2d"
"250","46.317243","162.159.61.3","192.168.11.187","QUIC","64","Protected Payload (KP0)"
"251","46.320078","142.251.10.138","192.168.11.187","UDP","71","443  >  65010 Len=29"
"252","46.320078","162.159.61.3","192.168.11.187","QUIC","70","Protected Payload (KP0)"
"253","46.320377","192.168.11.187","162.159.61.3","QUIC","85","Protected Payload (KP0), DCID=01be3152014b3b6848beeb52244b3f77743d927e"
"254","46.332385","192.168.11.187","142.251.10.138","UDP","75","65010  >  443 Len=33"
"255","46.343943","142.251.10.138","192.168.11.187","UDP","541","443  >  65010 Len=499"
"256","46.343943","142.251.10.138","192.168.11.187","UDP","64","443  >  65010 Len=22"
"257","46.363655","192.168.11.187","142.251.10.138","UDP","79","65010  >  443 Len=37"
"258","46.389203","142.251.10.138","192.168.11.187","UDP","67","443  >  65010 Len=25"
"259","46.553096","108.177.122.94","192.168.11.187","QUIC","82","Initial, SCID=f25a02d09716c43b, PKN: 1, ACK"
"260","46.553096","108.177.122.94","192.168.11.187","QUIC","82","Initial, SCID=e0ab0caf2a2a7e2d, PKN: 1, ACK"
"261","46.557377","108.177.122.94","192.168.11.187","QUIC","1292","Initial, SCID=e0ab0caf2a2a7e2d, PKN: 2, ACK, PADDING"
"262","46.557377","108.177.122.94","192.168.11.187","QUIC","1292","Initial, SCID=e0ab0caf2a2a7e2d, PKN: 3, CRYPTO, PADDING"
"263","46.558009","108.177.122.94","192.168.11.187","QUIC","1292","Handshake, SCID=e0ab0caf2a2a7e2d"
"264","46.560977","108.177.122.94","192.168.11.187","QUIC","1269","Protected Payload (KP0)"
"265","46.561301","192.168.11.187","108.177.122.94","QUIC","1292","Handshake, DCID=e0ab0caf2a2a7e2d"
"266","46.562257","108.177.122.94","192.168.11.187","QUIC","1292","Handshake, SCID=e0ab0caf2a2a7e2d"
"267","46.562427","108.177.122.94","192.168.11.187","QUIC","1292","Initial, SCID=f25a02d09716c43b, PKN: 2, ACK, PADDING"
"268","46.563459","192.168.11.187","108.177.122.94","QUIC","209","Protected Payload (KP0), DCID=e0ab0caf2a2a7e2d"
"269","46.563790","192.168.11.187","108.177.122.94","QUIC","609","Protected Payload (KP0), DCID=e0ab0caf2a2a7e2d"
"270","46.568199","108.177.122.94","192.168.11.187","QUIC","1292","Initial, SCID=f25a02d09716c43b, PKN: 3, CRYPTO, PADDING"
"271","46.569336","108.177.122.94","192.168.11.187","QUIC","337","Protected Payload (KP0)"
"272","46.569835","192.168.11.187","108.177.122.94","QUIC","1292","Handshake, DCID=f25a02d09716c43b"
"273","46.569981","108.177.122.94","192.168.11.187","QUIC","996","Protected Payload (KP0)"
"274","46.570156","192.168.11.187","108.177.122.94","QUIC","73","Protected Payload (KP0), DCID=f25a02d09716c43b"
"275","46.570380","192.168.11.187","108.177.122.94","QUIC","1288","Protected Payload (KP0), DCID=f25a02d09716c43b"
"276","46.570439","192.168.11.187","108.177.122.94","QUIC","362","Protected Payload (KP0), DCID=f25a02d09716c43b"
"277","46.570585","192.168.11.187","108.177.122.94","QUIC","391","Protected Payload (KP0), DCID=f25a02d09716c43b"
"278","46.581577","108.177.122.94","192.168.11.187","QUIC","67","Protected Payload (KP0)"
"279","46.803021","108.177.122.94","192.168.11.187","QUIC","164","Protected Payload (KP0)"
"280","46.803021","108.177.122.94","192.168.11.187","QUIC","997","Protected Payload (KP0)"
"281","46.803324","192.168.11.187","108.177.122.94","QUIC","76","Protected Payload (KP0), DCID=e0ab0caf2a2a7e2d"
"282","46.803491","192.168.11.187","108.177.122.94","QUIC","73","Protected Payload (KP0), DCID=e0ab0caf2a2a7e2d"
"283","46.804136","108.177.122.94","192.168.11.187","QUIC","69","Protected Payload (KP0)"
"284","46.807738","108.177.122.94","192.168.11.187","QUIC","918","Protected Payload (KP0)"
"285","46.807738","108.177.122.94","192.168.11.187","QUIC","63","Protected Payload (KP0)"
"286","46.808126","192.168.11.187","108.177.122.94","QUIC","77","Protected Payload (KP0), DCID=e0ab0caf2a2a7e2d"
"287","46.809105","108.177.122.94","192.168.11.187","QUIC","163","Protected Payload (KP0)"
"288","46.816269","108.177.122.94","192.168.11.187","QUIC","71","Protected Payload (KP0)"
"289","46.816269","108.177.122.94","192.168.11.187","QUIC","67","Protected Payload (KP0)"
"290","46.816715","192.168.11.187","108.177.122.94","QUIC","73","Protected Payload (KP0), DCID=f25a02d09716c43b"
"291","46.817605","108.177.122.94","192.168.11.187","QUIC","71","Protected Payload (KP0)"
"292","46.817774","108.177.122.94","192.168.11.187","QUIC","918","Protected Payload (KP0)"
"293","46.818110","192.168.11.187","108.177.122.94","QUIC","77","Protected Payload (KP0), DCID=f25a02d09716c43b"
"294","46.818727","192.168.11.187","108.177.122.94","QUIC","83","Protected Payload (KP0), DCID=f25a02d09716c43b"
"295","46.819742","108.177.122.94","192.168.11.187","QUIC","76","Protected Payload (KP0)"
"296","46.819742","108.177.122.94","192.168.11.187","QUIC","63","Protected Payload (KP0)"
"297","46.819742","108.177.122.94","192.168.11.187","QUIC","63","Protected Payload (KP0)"
"298","46.820089","192.168.11.187","108.177.122.94","QUIC","77","Protected Payload (KP0), DCID=f25a02d09716c43b"
"299","46.848016","192.168.11.187","108.177.122.94","QUIC","74","Protected Payload (KP0), DCID=e0ab0caf2a2a7e2d"
"300","46.848135","192.168.11.187","108.177.122.94","QUIC","74","Protected Payload (KP0), DCID=f25a02d09716c43b"
"301","46.995551","192.168.11.126","224.0.0.251","MDNS","103","Standard query 0x001f PTR _233637DE._sub._googlecast._tcp.local, ""QM"" question PTR _googlecast._tcp.local, ""QM"" question"
"302","47.061183","108.177.122.94","192.168.11.187","QUIC","65","Protected Payload (KP0)"
"303","47.073402","108.177.122.94","192.168.11.187","QUIC","66","Protected Payload (KP0)"
"304","47.085210","108.177.122.94","192.168.11.187","QUIC","66","Protected Payload (KP0)"
"305","47.409129","192.168.11.135","192.168.11.187","TCP","61","6666  >  12509 [PSH, ACK] Seq=9 Ack=2027 Win=71 Len=7"
"306","47.410371","192.168.11.187","192.168.11.135","TCP","62","12509  >  6666 [PSH, ACK] Seq=2027 Ack=16 Win=513 Len=8"
"307","47.412761","192.168.11.135","192.168.11.187","TCP","54","6666  >  12509 [ACK] Seq=16 Ack=2035 Win=71 Len=0"
"308","47.598102","192.168.11.187","192.168.11.135","TCP","123","12509  >  6666 [PSH, ACK] Seq=2035 Ack=16 Win=513 Len=69"
"309","47.619396","192.168.11.135","192.168.11.187","TCP","54","6666  >  12509 [ACK] Seq=16 Ack=2104 Win=71 Len=0"
"310","48.730129","Shenzhen_38:79:2d","LiteonTe_0f:e7:05","ARP","42","Who has 192.168.11.187? Tell 192.168.11.1"
"311","48.730155","LiteonTe_0f:e7:05","Shenzhen_38:79:2d","ARP","42","192.168.11.187 is at 94:e9:79:0f:e7:05"
"312","50.097921","192.168.11.187","140.82.112.25","TCP","55","[TCP Keep-Alive] 12448  >  443 [ACK] Seq=29 Ack=26 Win=509 Len=1"
"313","50.342899","140.82.112.25","192.168.11.187","TCP","66","[TCP Keep-Alive ACK] 443  >  12448 [ACK] Seq=26 Ack=30 Win=76 Len=0 SLE=29 SRE=30"
"314","51.692865","192.168.11.187","20.198.119.143","TLSv1.2","155","Application Data"
"315","51.881308","20.198.119.143","192.168.11.187","TLSv1.2","225","Application Data"
"316","51.925964","192.168.11.187","20.198.119.143","TCP","54","58840  >  443 [ACK] Seq=102 Ack=172 Win=508 Len=0"
"317","52.238425","LiteonTe_0f:e7:05","7a:1a:ae:fd:5f:c5","ARP","42","Who has 192.168.11.135? Tell 192.168.11.187"
"318","52.332720","7a:1a:ae:fd:5f:c5","LiteonTe_0f:e7:05","ARP","42","192.168.11.135 is at 7a:1a:ae:fd:5f:c5"
"319","54.046260","192.168.11.187","239.255.255.250","SSDP","217","M-SEARCH * HTTP/1.1 "
"320","54.993329","192.168.11.187","162.159.61.3","QUIC","307","Protected Payload (KP0), DCID=01be3152014b3b6848beeb52244b3f77743d927e"
"321","54.993590","192.168.11.187","162.159.61.3","QUIC","307","Protected Payload (KP0), DCID=01be3152014b3b6848beeb52244b3f77743d927e"
"322","55.000069","162.159.61.3","192.168.11.187","QUIC","65","Protected Payload (KP0)"
"323","55.001444","162.159.61.3","192.168.11.187","QUIC","626","Protected Payload (KP0)"
"324","55.001444","162.159.61.3","192.168.11.187","QUIC","626","Protected Payload (KP0)"
"325","55.001858","192.168.11.187","162.159.61.3","QUIC","85","Protected Payload (KP0), DCID=01be3152014b3b6848beeb52244b3f77743d927e"
"326","55.003582","192.168.11.187","142.251.12.139","QUIC","1292","Initial, DCID=46167537afc6342f, PKN: 1, CRYPTO"
"327","55.003699","192.168.11.187","142.251.12.139","QUIC","1292","Initial, DCID=46167537afc6342f, PKN: 2, PING, PADDING, CRYPTO, CRYPTO, CRYPTO, PADDING, PING, PING, PADDING, CRYPTO, PING, CRYPTO, CRYPTO, PING, PADDING, CRYPTO"
"328","55.004024","192.168.11.187","142.251.12.139","QUIC","117","0-RTT, DCID=46167537afc6342f"
"329","55.004629","192.168.11.187","142.251.12.139","QUIC","1288","0-RTT, DCID=46167537afc6342f"
"330","55.004700","192.168.11.187","142.251.12.139","QUIC","1292","0-RTT, DCID=46167537afc6342f"
"331","55.004797","192.168.11.187","142.251.12.139","QUIC","522","0-RTT, DCID=46167537afc6342f"
"332","55.004886","192.168.11.187","142.251.12.139","QUIC","124","0-RTT, DCID=46167537afc6342f"
"333","55.022669","142.251.12.139","192.168.11.187","QUIC","82","Initial, SCID=e6167537afc6342f, PKN: 1, ACK"
"334","55.030167","142.251.12.139","192.168.11.187","QUIC","1292","Initial, SCID=e6167537afc6342f, PKN: 2, ACK, PADDING"
"335","55.031937","142.251.12.139","192.168.11.187","QUIC","1292","Initial, SCID=e6167537afc6342f, PKN: 3, CRYPTO, PADDING"
"336","55.031937","142.251.12.139","192.168.11.187","QUIC","346","Protected Payload (KP0)"
"337","55.031937","142.251.12.139","192.168.11.187","QUIC","988","Protected Payload (KP0)"
"338","55.031937","142.251.12.139","192.168.11.187","QUIC","71","Protected Payload (KP0)"
"339","55.031937","142.251.12.139","192.168.11.187","QUIC","65","Protected Payload (KP0)"
"340","55.031937","142.251.12.139","192.168.11.187","QUIC","69","Protected Payload (KP0)"
"341","55.032744","192.168.11.187","142.251.12.139","QUIC","120","Handshake, DCID=e6167537afc6342f"
"342","55.032903","192.168.11.187","142.251.12.139","QUIC","73","Protected Payload (KP0), DCID=e6167537afc6342f"
"343","55.033124","192.168.11.187","142.251.12.139","QUIC","73","Protected Payload (KP0), DCID=e6167537afc6342f"
"344","55.049765","142.251.12.139","192.168.11.187","QUIC","162","Protected Payload (KP0)"
"345","55.051332","192.168.11.187","239.255.255.250","SSDP","217","M-SEARCH * HTTP/1.1 "
"346","55.082410","192.168.11.187","142.251.12.139","QUIC","74","Protected Payload (KP0), DCID=e6167537afc6342f"
"347","55.317213","142.251.12.139","192.168.11.187","QUIC","1292","Protected Payload (KP0)"
"348","55.317213","142.251.12.139","192.168.11.187","QUIC","180","Protected Payload (KP0)"
"349","55.317666","192.168.11.187","142.251.12.139","QUIC","77","Protected Payload (KP0), DCID=e6167537afc6342f"
"350","55.319145","142.251.12.139","192.168.11.187","QUIC","132","Protected Payload (KP0)"
"351","55.324320","192.168.11.187","142.251.10.138","UDP","760","65010  >  443 Len=718"
"352","55.334430","142.251.12.139","192.168.11.187","QUIC","67","Protected Payload (KP0)"
"353","55.348031","192.168.11.187","142.251.12.139","QUIC","74","Protected Payload (KP0), DCID=e6167537afc6342f"
"354","55.353872","142.251.10.138","192.168.11.187","UDP","71","443  >  65010 Len=29"
"355","55.363697","192.168.11.187","142.251.10.138","UDP","75","65010  >  443 Len=33"
"356","55.608082","142.251.10.138","192.168.11.187","UDP","554","443  >  65010 Len=512"
"357","55.608082","142.251.10.138","192.168.11.187","UDP","64","443  >  65010 Len=22"
"358","55.613809","192.168.11.187","142.251.10.138","UDP","79","65010  >  443 Len=37"
"359","55.636722","142.251.10.138","192.168.11.187","UDP","67","443  >  65010 Len=25"
"360","56.006054","192.168.11.187","142.251.10.138","UDP","924","65010  >  443 Len=882"
"361","56.008102","192.168.11.187","34.144.254.29","QUIC","1292","Initial, DCID=d6876e255c2cd302, PKN: 1, CRYPTO"
"362","56.008208","192.168.11.187","34.144.254.29","QUIC","1292","Initial, DCID=d6876e255c2cd302, PKN: 2, CRYPTO, PADDING, CRYPTO, PING, PING, PADDING, PING, CRYPTO, PING, PADDING, CRYPTO, CRYPTO, CRYPTO, PING, CRYPTO, CRYPTO, CRYPTO"
"363","56.026596","34.144.254.29","192.168.11.187","QUIC","82","Initial, SCID=f6876e255c2cd302, PKN: 1, ACK"
"364","56.027309","192.168.11.187","34.144.254.29","TCP","66","12524  >  443 [SYN] Seq=0 Win=64240 Len=0 MSS=1460 WS=256 SACK_PERM=1"
"365","56.029706","34.144.254.29","192.168.11.187","QUIC","1292","Initial, SCID=f6876e255c2cd302, PKN: 2, ACK, PADDING"
"366","56.035362","34.144.254.29","192.168.11.187","TCP","66","443  >  12524 [SYN, ACK] Seq=0 Ack=1 Win=65535 Len=0 MSS=1412 SACK_PERM=1 WS=256"
"367","56.035503","192.168.11.187","34.144.254.29","TCP","54","12524  >  443 [ACK] Seq=1 Ack=1 Win=131072 Len=0"
"368","56.036170","192.168.11.187","34.144.254.29","TCP","1466","12524  >  443 [ACK] Seq=1 Ack=1 Win=131072 Len=1412 [TCP segment of a reassembled PDU]"
"369","56.036170","192.168.11.187","34.144.254.29","TLSv1.3","790","Client Hello"
"370","56.046527","34.144.254.29","192.168.11.187","QUIC","1292","Protected Payload (KP0)"
"371","56.047119","142.251.10.138","192.168.11.187","UDP","71","443  >  65010 Len=29"
"372","56.047713","192.168.11.187","34.144.254.29","QUIC","208","Protected Payload (KP0), DCID=f6876e255c2cd302"
"373","56.048238","192.168.11.187","34.144.254.29","QUIC","737","Protected Payload (KP0), DCID=f6876e255c2cd302"
"374","56.049330","34.144.254.29","192.168.11.187","TCP","54","443  >  12524 [ACK] Seq=1 Ack=1413 Win=68608 Len=0"
"375","56.050150","34.144.254.29","192.168.11.187","TCP","54","443  >  12524 [ACK] Seq=1 Ack=2149 Win=71424 Len=0"
"376","56.055549","34.144.254.29","192.168.11.187","QUIC","626","Protected Payload (KP0)"
"377","56.055549","34.144.254.29","192.168.11.187","QUIC","163","Protected Payload (KP0)"
"378","56.055549","34.144.254.29","192.168.11.187","QUIC","69","Protected Payload (KP0)"
"379","56.055950","192.168.11.187","34.144.254.29","QUIC","74","Protected Payload (KP0), DCID=f6876e255c2cd302"
"380","56.056244","192.168.11.187","142.251.10.138","UDP","75","65010  >  443 Len=33"
"381","56.066924","192.168.11.187","239.255.255.250","SSDP","217","M-SEARCH * HTTP/1.1 "
"382","56.082374","192.168.11.187","34.144.254.29","QUIC","74","Protected Payload (KP0), DCID=f6876e255c2cd302"
"383","56.087620","34.144.254.29","192.168.11.187","TLSv1.3","266","Server Hello, Change Cipher Spec, Application Data"
"384","56.088171","192.168.11.187","34.144.254.29","TLSv1.3","118","Change Cipher Spec, Application Data"
"385","56.123046","34.144.254.29","192.168.11.187","TLSv1.3","672","Application Data, Application Data"
"386","56.176056","192.168.11.187","34.144.254.29","TCP","54","12524  >  443 [ACK] Seq=2213 Ack=831 Win=130304 Len=0"
"387","56.670367","142.251.10.138","192.168.11.187","UDP","557","443  >  65010 Len=515"
"388","56.676191","192.168.11.187","142.251.10.138","UDP","79","65010  >  443 Len=37"
"389","56.680524","142.251.10.138","192.168.11.187","UDP","788","443  >  65010 Len=746"
"390","56.685818","142.251.10.138","192.168.11.187","UDP","65","443  >  65010 Len=23"
"391","56.686104","192.168.11.187","142.251.10.138","UDP","74","65010  >  443 Len=32"
"392","56.689378","192.168.11.187","142.251.10.138","UDP","473","65010  >  443 Len=431"
"393","56.701733","142.251.10.138","192.168.11.187","UDP","67","443  >  65010 Len=25"
"394","56.711399","142.251.10.138","192.168.11.187","UDP","71","443  >  65010 Len=29"
"395","56.713654","142.251.10.138","192.168.11.187","UDP","540","443  >  65010 Len=498"
"396","56.714179","142.251.10.138","192.168.11.187","UDP","64","443  >  65010 Len=22"
"397","56.722991","192.168.11.187","142.251.10.138","UDP","79","65010  >  443 Len=37"
"398","56.745622","142.251.10.138","192.168.11.187","UDP","67","443  >  65010 Len=25"
"399","56.825852","34.144.254.29","192.168.11.187","QUIC","416","Protected Payload (KP0)"
"400","56.863657","192.168.11.187","34.144.254.29","QUIC","78","Protected Payload (KP0), DCID=f6876e255c2cd302"
"401","56.865469","34.144.254.29","192.168.11.187","QUIC","416","Protected Payload (KP0)"
"402","56.865752","192.168.11.187","34.144.254.29","QUIC","75","Protected Payload (KP0), DCID=f6876e255c2cd302"
"403","56.894516","34.144.254.29","192.168.11.187","QUIC","66","Protected Payload (KP0)"
"404","57.082534","192.168.11.187","239.255.255.250","SSDP","217","M-SEARCH * HTTP/1.1 "
"405","57.348169","142.251.10.138","192.168.11.187","UDP","1026","443  >  65010 Len=984"
"406","57.348169","142.251.10.138","192.168.11.187","UDP","117","443  >  65010 Len=75"
"407","57.353191","192.168.11.187","142.251.10.138","UDP","79","65010  >  443 Len=37"
"408","57.353655","192.168.11.187","142.251.10.138","UDP","475","65010  >  443 Len=433"
"409","57.376557","142.251.10.138","192.168.11.187","UDP","71","443  >  65010 Len=29"
"410","57.394853","192.168.11.187","142.251.10.138","UDP","75","65010  >  443 Len=33"
"411","63.769951","192.168.11.187","112.78.159.51","TCP","54","12497  >  80 [FIN, ACK] Seq=1 Ack=1 Win=509 Len=0"
"412","63.808592","112.78.159.51","192.168.11.187","TCP","54","80  >  12497 [FIN, ACK] Seq=1 Ack=2 Win=501 Len=0"
"413","63.808663","192.168.11.187","112.78.159.51","TCP","54","12497  >  80 [ACK] Seq=2 Ack=2 Win=509 Len=0"
"414","64.832333","140.82.112.25","192.168.11.187","TLSv1.2","79","Application Data"
"415","64.832587","192.168.11.187","140.82.112.25","TLSv1.2","83","Application Data"
"416","65.077325","140.82.112.25","192.168.11.187","TCP","54","443  >  12448 [ACK] Seq=51 Ack=59 Win=76 Len=0"
"417","67.067032","192.168.11.126","224.0.0.251","MDNS","103","Standard query 0x0020 PTR _233637DE._sub._googlecast._tcp.local, ""QM"" question PTR _googlecast._tcp.local, ""QM"" question"
"418","70.040702","192.168.11.135","192.168.11.187","TCP","60","6666  >  12509 [PSH, ACK] Seq=16 Ack=2104 Win=71 Len=6"
"419","70.082973","192.168.11.187","192.168.11.135","TCP","54","12509  >  6666 [ACK] Seq=2104 Ack=22 Win=513 Len=0"
"420","70.098583","192.168.11.187","192.168.11.135","TCP","101","12509  >  6666 [PSH, ACK] Seq=2104 Ack=22 Win=513 Len=47"
"421","70.101305","192.168.11.135","192.168.11.187","TCP","54","6666  >  12509 [ACK] Seq=22 Ack=2151 Win=71 Len=0"
"422","70.661145","192.168.11.187","112.78.159.51","TCP","54","12501  >  80 [FIN, ACK] Seq=1 Ack=1 Win=511 Len=0"
"423","70.666544","112.78.159.51","192.168.11.187","TCP","54","80  >  12501 [FIN, ACK] Seq=1 Ack=2 Win=501 Len=0"
"424","70.666614","192.168.11.187","112.78.159.51","TCP","54","12501  >  80 [ACK] Seq=2 Ack=2 Win=511 Len=0"
"425","71.645425","192.168.11.187","142.251.175.188","TCP","55","[TCP Keep-Alive] 11984  >  5228 [ACK] Seq=1 Ack=1 Win=510 Len=1"
"426","71.666971","142.251.175.188","192.168.11.187","TCP","66","[TCP Keep-Alive ACK] 5228  >  11984 [ACK] Seq=1 Ack=2 Win=290 Len=0 SLE=1 SRE=2"
"427","71.986433","192.168.11.135","192.168.11.187","TCP","58","6666  >  12509 [PSH, ACK] Seq=22 Ack=2151 Win=71 Len=4"
"428","71.992698","192.168.11.187","142.251.10.138","UDP","264","65010  >  443 Len=222"
"429","72.014734","142.251.10.138","192.168.11.187","UDP","72","443  >  65010 Len=30"
"430","72.020450","192.168.11.187","142.251.10.138","UDP","75","65010  >  443 Len=33"
"431","72.036057","192.168.11.187","192.168.11.135","TCP","54","12509  >  6666 [ACK] Seq=2151 Ack=26 Win=513 Len=0"
"432","72.036104","192.168.11.187","192.168.11.135","TCP","255","12509  >  6666 [PSH, ACK] Seq=2151 Ack=26 Win=513 Len=201"
"433","72.036259","192.168.11.187","192.168.11.135","TCP","1514","12509  >  6666 [PSH, ACK] Seq=2352 Ack=26 Win=513 Len=1460"
"434","72.036259","192.168.11.187","192.168.11.135","TCP","91","12509  >  6666 [PSH, ACK] Seq=3812 Ack=26 Win=513 Len=37"
"435","72.094834","192.168.11.135","192.168.11.187","TCP","54","6666  >  12509 [ACK] Seq=26 Ack=2352 Win=73 Len=0"
"436","72.094834","192.168.11.135","192.168.11.187","TCP","54","6666  >  12509 [ACK] Seq=26 Ack=3812 Win=76 Len=0"
"437","72.094834","192.168.11.135","192.168.11.187","TCP","54","6666  >  12509 [ACK] Seq=26 Ack=3849 Win=76 Len=0"
"438","72.188470","192.168.11.126","224.0.0.251","MDNS","125","Standard query 0x0000 ANY Android-2.local, ""QM"" question ANY Android-2.local, ""QM"" question A 192.168.11.126 AAAA fe80::b88b:51ff:fece:d753"
"439","72.190174","fe80::b88b:51ff:fece:d753","ff02::fb","MDNS","145","Standard query 0x0000 ANY Android-2.local, ""QM"" question ANY Android-2.local, ""QM"" question A 192.168.11.126 AAAA fe80::b88b:51ff:fece:d753"
"440","72.276073","142.251.10.138","192.168.11.187","UDP","563","443  >  65010 Len=521"
"441","72.276073","142.251.10.138","192.168.11.187","UDP","69","443  >  65010 Len=27"
"442","72.276718","142.251.10.138","192.168.11.187","UDP","64","443  >  65010 Len=22"
"443","72.281080","192.168.11.187","142.251.10.138","UDP","79","65010  >  443 Len=37"
"444","72.281648","192.168.11.187","142.251.10.138","UDP","477","65010  >  443 Len=435"
"445","72.303324","142.251.10.138","192.168.11.187","UDP","72","443  >  65010 Len=30"
"446","72.317392","192.168.11.187","142.251.10.138","UDP","75","65010  >  443 Len=33"
"447","72.324441","142.251.10.138","192.168.11.187","UDP","539","443  >  65010 Len=497"
"448","72.328087","142.251.10.138","192.168.11.187","UDP","64","443  >  65010 Len=22"
"449","72.333045","192.168.11.187","142.251.10.138","UDP","80","65010  >  443 Len=38"
"450","72.355399","142.251.10.138","192.168.11.187","UDP","67","443  >  65010 Len=25"
"451","72.392008","192.168.11.126","224.0.0.251","MDNS","125","Standard query 0x0000 ANY Android-2.local, ""QM"" question ANY Android-2.local, ""QM"" question A 192.168.11.126 AAAA fe80::b88b:51ff:fece:d753"
"452","72.393804","fe80::b88b:51ff:fece:d753","ff02::fb","MDNS","145","Standard query 0x0000 ANY Android-2.local, ""QM"" question ANY Android-2.local, ""QM"" question A 192.168.11.126 AAAA fe80::b88b:51ff:fece:d753"
"453","72.801727","192.168.11.126","224.0.0.251","MDNS","125","Standard query 0x0000 ANY Android-2.local, ""QM"" question ANY Android-2.local, ""QM"" question A 192.168.11.126 AAAA fe80::b88b:51ff:fece:d753"
"454","72.803338","fe80::b88b:51ff:fece:d753","ff02::fb","MDNS","145","Standard query 0x0000 ANY Android-2.local, ""QM"" question ANY Android-2.local, ""QM"" question A 192.168.11.126 AAAA fe80::b88b:51ff:fece:d753"
"455","73.011455","192.168.11.126","224.0.0.251","MDNS","292","Standard query response 0x0000 PTR, cache flush Android-2.local PTR, cache flush Android-2.local A, cache flush 192.168.11.126 AAAA, cache flush fe80::b88b:51ff:fece:d753 NSEC, cache flush 126.11.168.192.in-addr.arpa NSEC, cache flush 3.5.7.D.E.C.E.F.F.F.1.5.B.8.8.B.0.0.0.0.0.0.0.0.0.0.0.0.0.8.E.F.ip6.arpa NSEC, cache flush Android-2.local"
"456","73.014640","fe80::b88b:51ff:fece:d753","ff02::fb","MDNS","312","Standard query response 0x0000 PTR, cache flush Android-2.local PTR, cache flush Android-2.local A, cache flush 192.168.11.126 AAAA, cache flush fe80::b88b:51ff:fece:d753 NSEC, cache flush 126.11.168.192.in-addr.arpa NSEC, cache flush 3.5.7.D.E.C.E.F.F.F.1.5.B.8.8.B.0.0.0.0.0.0.0.0.0.0.0.0.0.8.E.F.ip6.arpa NSEC, cache flush Android-2.local"
"457","74.031815","192.168.11.126","224.0.0.251","MDNS","292","Standard query response 0x0000 PTR, cache flush Android-2.local PTR, cache flush Android-2.local A, cache flush 192.168.11.126 AAAA, cache flush fe80::b88b:51ff:fece:d753 NSEC, cache flush 126.11.168.192.in-addr.arpa NSEC, cache flush 3.5.7.D.E.C.E.F.F.F.1.5.B.8.8.B.0.0.0.0.0.0.0.0.0.0.0.0.0.8.E.F.ip6.arpa NSEC, cache flush Android-2.local"
"458","74.034837","fe80::b88b:51ff:fece:d753","ff02::fb","MDNS","312","Standard query response 0x0000 PTR, cache flush Android-2.local PTR, cache flush Android-2.local A, cache flush 192.168.11.126 AAAA, cache flush fe80::b88b:51ff:fece:d753 NSEC, cache flush 126.11.168.192.in-addr.arpa NSEC, cache flush 3.5.7.D.E.C.E.F.F.F.1.5.B.8.8.B.0.0.0.0.0.0.0.0.0.0.0.0.0.8.E.F.ip6.arpa NSEC, cache flush Android-2.local"
"459","75.302130","192.168.11.187","34.144.254.29","TCP","55","[TCP Keep-Alive] 12151  >  443 [ACK] Seq=1 Ack=1 Win=511 Len=1"
"460","75.308223","34.144.254.29","192.168.11.187","TCP","66","[TCP Keep-Alive ACK] 443  >  12151 [ACK] Seq=1 Ack=2 Win=455 Len=0 SLE=1 SRE=2"
"461","76.079902","192.168.11.126","224.0.0.251","MDNS","292","Standard query response 0x0000 PTR, cache flush Android-2.local PTR, cache flush Android-2.local A, cache flush 192.168.11.126 AAAA, cache flush fe80::b88b:51ff:fece:d753 NSEC, cache flush 126.11.168.192.in-addr.arpa NSEC, cache flush 3.5.7.D.E.C.E.F.F.F.1.5.B.8.8.B.0.0.0.0.0.0.0.0.0.0.0.0.0.8.E.F.ip6.arpa NSEC, cache flush Android-2.local"
"462","76.082983","fe80::b88b:51ff:fece:d753","ff02::fb","MDNS","312","Standard query response 0x0000 PTR, cache flush Android-2.local PTR, cache flush Android-2.local A, cache flush 192.168.11.126 AAAA, cache flush fe80::b88b:51ff:fece:d753 NSEC, cache flush 126.11.168.192.in-addr.arpa NSEC, cache flush 3.5.7.D.E.C.E.F.F.F.1.5.B.8.8.B.0.0.0.0.0.0.0.0.0.0.0.0.0.8.E.F.ip6.arpa NSEC, cache flush Android-2.local"
"463","77.817420","192.168.11.187","152.195.38.76","TCP","54","12516  >  80 [FIN, ACK] Seq=255 Ack=285 Win=130816 Len=0"
"464","77.817607","192.168.11.187","112.78.159.51","TCP","54","12514  >  80 [FIN, ACK] Seq=197 Ack=8150 Win=131072 Len=0"
"465","77.817691","192.168.11.187","112.78.159.51","TCP","54","12515  >  80 [FIN, ACK] Seq=483 Ack=8416 Win=131072 Len=0"
"466","77.828745","112.78.159.51","192.168.11.187","TCP","54","80  >  12514 [FIN, ACK] Seq=8150 Ack=198 Win=64128 Len=0"
"467","77.828817","192.168.11.187","112.78.159.51","TCP","54","12514  >  80 [ACK] Seq=198 Ack=8151 Win=131072 Len=0"
"468","77.835656","112.78.159.51","192.168.11.187","TCP","54","80  >  12515 [FIN, ACK] Seq=8416 Ack=484 Win=64128 Len=0"
"469","77.835726","192.168.11.187","112.78.159.51","TCP","54","12515  >  80 [ACK] Seq=484 Ack=8417 Win=131072 Len=0"
"470","77.844834","152.195.38.76","192.168.11.187","TCP","54","80  >  12516 [FIN, ACK] Seq=285 Ack=256 Win=67072 Len=0"
"471","77.844882","192.168.11.187","152.195.38.76","TCP","54","12516  >  80 [ACK] Seq=256 Ack=286 Win=130816 Len=0"
"472","79.375546","192.168.11.135","192.168.11.187","TCP","67","6666  >  12509 [PSH, ACK] Seq=26 Ack=3849 Win=76 Len=13"
"473","79.411244","192.168.11.187","192.168.11.135","TCP","68","12509  >  6666 [PSH, ACK] Seq=3849 Ack=39 Win=513 Len=14"
"474","79.416920","192.168.11.135","192.168.11.187","TCP","54","6666  >  12509 [ACK] Seq=39 Ack=3863 Win=76 Len=0"
"475","79.848754","192.168.11.187","192.168.11.135","TCP","254","12509  >  6666 [PSH, ACK] Seq=3863 Ack=39 Win=513 Len=200"
"476","79.848933","192.168.11.187","192.168.11.135","TCP","1514","12509  >  6666 [PSH, ACK] Seq=4063 Ack=39 Win=513 Len=1460"
"477","79.848933","192.168.11.187","192.168.11.135","TCP","194","12509  >  6666 [PSH, ACK] Seq=5523 Ack=39 Win=513 Len=140"
"478","79.878685","192.168.11.135","192.168.11.187","TCP","54","6666  >  12509 [ACK] Seq=39 Ack=4063 Win=79 Len=0"
"479","79.878736","192.168.11.187","192.168.11.135","TCP","1456","12509  >  6666 [PSH, ACK] Seq=5663 Ack=39 Win=513 Len=1402"
"480","79.880799","192.168.11.135","192.168.11.187","TCP","54","6666  >  12509 [ACK] Seq=39 Ack=5523 Win=81 Len=0"
"481","79.880799","192.168.11.135","192.168.11.187","TCP","54","6666  >  12509 [ACK] Seq=39 Ack=5663 Win=84 Len=0"
"482","79.883673","192.168.11.135","192.168.11.187","TCP","54","6666  >  12509 [ACK] Seq=39 Ack=7065 Win=87 Len=0"
"483","79.929726","192.168.11.187","192.168.11.1","DNS","83","Standard query 0x6759 A ctldl.windowsupdate.com"
"484","79.958141","192.168.11.187","192.168.11.1","DNS","83","Standard query 0x6759 A ctldl.windowsupdate.com"
"485","79.971512","192.168.11.126","224.0.0.251","MDNS","292","Standard query response 0x0000 PTR, cache flush Android-2.local PTR, cache flush Android-2.local A, cache flush 192.168.11.126 AAAA, cache flush fe80::b88b:51ff:fece:d753 NSEC, cache flush 126.11.168.192.in-addr.arpa NSEC, cache flush 3.5.7.D.E.C.E.F.F.F.1.5.B.8.8.B.0.0.0.0.0.0.0.0.0.0.0.0.0.8.E.F.ip6.arpa NSEC, cache flush Android-2.local"
"486","79.975375","fe80::b88b:51ff:fece:d753","ff02::fb","MDNS","312","Standard query response 0x0000 PTR, cache flush Android-2.local PTR, cache flush Android-2.local A, cache flush 192.168.11.126 AAAA, cache flush fe80::b88b:51ff:fece:d753 NSEC, cache flush 126.11.168.192.in-addr.arpa NSEC, cache flush 3.5.7.D.E.C.E.F.F.F.1.5.B.8.8.B.0.0.0.0.0.0.0.0.0.0.0.0.0.8.E.F.ip6.arpa NSEC, cache flush Android-2.local"
"487","79.992184","192.168.11.1","192.168.11.187","DNS","472","Standard query response 0x6759 A ctldl.windowsupdate.com CNAME ctldl.windowsupdate.com.delivery.microsoft.com CNAME wu-b-net.trafficmanager.net CNAME www.download.windowsupdate.com.cdn.dnsv1.com CNAME microsoft-10.ovslegodl.sched.ovscdns.com A 43.175.124.86 A 43.175.124.156 A 43.175.124.88 A 154.223.40.85 A 43.152.160.136 A 43.175.124.87 A 43.175.80.76 A 43.175.124.89 A 43.175.124.206 A 101.33.5.21 A 101.33.5.83"
"488","82.429692","192.168.11.126","239.255.255.250","SSDP","167","M-SEARCH * HTTP/1.1 "
"489","84.536198","192.168.11.187","34.144.254.29","TCP","55","[TCP Keep-Alive] 12003  >  443 [ACK] Seq=1 Ack=1 Win=510 Len=1"
"490","84.546039","34.144.254.29","192.168.11.187","TCP","66","[TCP Keep-Alive ACK] 443  >  12003 [ACK] Seq=1 Ack=2 Win=301 Len=0 SLE=1 SRE=2"
"491","85.933584","52.113.194.132","192.168.11.187","TCP","54","443  >  12518 [RST, ACK] Seq=7168 Ack=1218 Win=0 Len=0"
"492","85.995390","192.168.11.187","142.251.12.139","QUIC","1292","Initial, DCID=e5753c0a7cb06fca, PKN: 1, CRYPTO"
"493","85.995567","192.168.11.187","142.251.12.139","QUIC","1292","Initial, DCID=e5753c0a7cb06fca, PKN: 2, PADDING, CRYPTO, PING, PING, PING, CRYPTO, PADDING, PING, PADDING, PING, CRYPTO"
"494","85.996046","192.168.11.187","142.251.12.139","QUIC","124","0-RTT, DCID=e5753c0a7cb06fca"
"495","85.996830","192.168.11.187","142.251.12.139","QUIC","1288","0-RTT, DCID=e5753c0a7cb06fca"
"496","85.996948","192.168.11.187","142.251.12.139","QUIC","1292","0-RTT, DCID=e5753c0a7cb06fca"
"497","85.997083","192.168.11.187","142.251.12.139","QUIC","524","0-RTT, DCID=e5753c0a7cb06fca"
"498","85.997149","192.168.11.187","142.251.12.139","QUIC","124","0-RTT, DCID=e5753c0a7cb06fca"
"499","86.015906","142.251.12.139","192.168.11.187","QUIC","82","Initial, SCID=e5753c0a7cb06fca, PKN: 1, ACK"
"500","86.015906","142.251.12.139","192.168.11.187","QUIC","1292","Initial, SCID=e5753c0a7cb06fca, PKN: 2, ACK, PADDING"
"501","86.019803","142.251.12.139","192.168.11.187","QUIC","1292","Initial, SCID=e5753c0a7cb06fca, PKN: 3, CRYPTO, PADDING"
"502","86.019803","142.251.12.139","192.168.11.187","QUIC","343","Protected Payload (KP0)"
"503","86.019803","142.251.12.139","192.168.11.187","QUIC","991","Protected Payload (KP0)"
"504","86.019803","142.251.12.139","192.168.11.187","QUIC","68","Protected Payload (KP0)"
"505","86.019803","142.251.12.139","192.168.11.187","QUIC","69","Protected Payload (KP0)"
"506","86.020652","192.168.11.187","142.251.12.139","QUIC","120","Handshake, DCID=e5753c0a7cb06fca"
"507","86.020813","192.168.11.187","142.251.12.139","QUIC","73","Protected Payload (KP0), DCID=e5753c0a7cb06fca"
"508","86.021182","192.168.11.187","142.251.12.139","QUIC","73","Protected Payload (KP0), DCID=e5753c0a7cb06fca"
"509","86.037594","142.251.12.139","192.168.11.187","QUIC","162","Protected Payload (KP0)"
"510","86.067551","192.168.11.187","142.251.12.139","QUIC","74","Protected Payload (KP0), DCID=e5753c0a7cb06fca"
"511","86.324205","142.251.12.139","192.168.11.187","QUIC","1292","Protected Payload (KP0)"
"512","86.324205","142.251.12.139","192.168.11.187","QUIC","174","Protected Payload (KP0)"
"513","86.324205","142.251.12.139","192.168.11.187","QUIC","173","Protected Payload (KP0)"
"514","86.324668","192.168.11.187","142.251.12.139","QUIC","77","Protected Payload (KP0), DCID=e5753c0a7cb06fca"
"515","86.330743","192.168.11.187","142.251.10.138","UDP","758","65010  >  443 Len=716"
"516","86.341653","142.251.12.139","192.168.11.187","QUIC","67","Protected Payload (KP0)"
"517","86.353255","142.251.10.138","192.168.11.187","UDP","72","443  >  65010 Len=30"
"518","86.353616","192.168.11.187","142.251.12.139","QUIC","74","Protected Payload (KP0), DCID=e5753c0a7cb06fca"
"519","86.364372","192.168.11.187","142.251.10.138","UDP","75","65010  >  443 Len=33"
"520","86.615799","142.251.10.138","192.168.11.187","UDP","555","443  >  65010 Len=513"
"521","86.617045","142.251.10.138","192.168.11.187","UDP","64","443  >  65010 Len=22"
"522","86.630050","192.168.11.187","142.251.10.138","UDP","80","65010  >  443 Len=38"
"523","86.653742","142.251.10.138","192.168.11.187","UDP","67","443  >  65010 Len=25"
"524","86.933248","192.168.11.126","224.0.0.251","MDNS","103","Standard query 0x0021 PTR _233637DE._sub._googlecast._tcp.local, ""QM"" question PTR _googlecast._tcp.local, ""QM"" question"
"525","87.958816","192.168.11.126","224.0.0.251","MDNS","292","Standard query response 0x0000 PTR, cache flush Android-2.local PTR, cache flush Android-2.local A, cache flush 192.168.11.126 AAAA, cache flush fe80::b88b:51ff:fece:d753 NSEC, cache flush 126.11.168.192.in-addr.arpa NSEC, cache flush 3.5.7.D.E.C.E.F.F.F.1.5.B.8.8.B.0.0.0.0.0.0.0.0.0.0.0.0.0.8.E.F.ip6.arpa NSEC, cache flush Android-2.local"
"526","87.961927","fe80::b88b:51ff:fece:d753","ff02::fb","MDNS","312","Standard query response 0x0000 PTR, cache flush Android-2.local PTR, cache flush Android-2.local A, cache flush 192.168.11.126 AAAA, cache flush fe80::b88b:51ff:fece:d753 NSEC, cache flush 126.11.168.192.in-addr.arpa NSEC, cache flush 3.5.7.D.E.C.E.F.F.F.1.5.B.8.8.B.0.0.0.0.0.0.0.0.0.0.0.0.0.8.E.F.ip6.arpa NSEC, cache flush Android-2.local"
"527","94.270930","192.168.11.187","112.78.159.51","TCP","54","12519  >  80 [FIN, ACK] Seq=246 Ack=5071 Win=131072 Len=0"
"528","94.276726","112.78.159.51","192.168.11.187","TCP","54","80  >  12519 [FIN, ACK] Seq=5071 Ack=247 Win=64128 Len=0"
"529","94.276796","192.168.11.187","112.78.159.51","TCP","54","12519  >  80 [ACK] Seq=247 Ack=5072 Win=131072 Len=0"
"530","97.992322","192.168.11.187","142.251.10.138","UDP","487","65010  >  443 Len=445"
"531","98.040967","142.251.10.138","192.168.11.187","UDP","72","443  >  65010 Len=30"
"532","98.052171","192.168.11.187","142.251.10.138","UDP","75","65010  >  443 Len=33"
"533","98.308806","142.251.10.138","192.168.11.187","UDP","565","443  >  65010 Len=523"
"534","98.308806","142.251.10.138","192.168.11.187","UDP","64","443  >  65010 Len=22"
"535","98.317700","192.168.11.187","142.251.10.138","UDP","80","65010  >  443 Len=38"
"536","98.340133","142.251.10.138","192.168.11.187","UDP","67","443  >  65010 Len=25"
"537","98.363275","142.251.10.138","192.168.11.187","UDP","545","443  >  65010 Len=503"
"538","98.363275","142.251.10.138","192.168.11.187","UDP","64","443  >  65010 Len=22"
"539","98.368360","192.168.11.187","142.251.10.138","UDP","489","65010  >  443 Len=447"
"540","98.394152","142.251.10.138","192.168.11.187","UDP","72","443  >  65010 Len=30"
"541","98.411577","192.168.11.187","142.251.10.138","UDP","75","65010  >  443 Len=33"
"542","99.283128","Shenzhen_38:79:2d","LiteonTe_0f:e7:05","ARP","42","Who has 192.168.11.187? Tell 192.168.11.1"
"543","99.283147","LiteonTe_0f:e7:05","Shenzhen_38:79:2d","ARP","42","192.168.11.187 is at 94:e9:79:0f:e7:05"
